<?xml version="1.0" encoding="UTF-8"?>
<OfficeApp
  xmlns="http://schemas.microsoft.com/office/appforoffice/1.1"
  xmlns:xsi="http://www.w3.org/2001/XMLSchema-instance"
  xmlns:bt="http://schemas.microsoft.com/office/officeappbasictypes/1.0"
  xmlns:ov="http://schemas.microsoft.com/office/taskpaneappversionoverrides"
  xsi:type="TaskPaneApp">

  <Id>b2c3d4e5-f6a7-8901-bcde-f23456789012</Id>
  <Version>1.0.0.0</Version>
  <ProviderName>Slides Icons</ProviderName>
  <DefaultLocale>en-US</DefaultLocale>
  <DisplayName DefaultValue="Slides Icons"/>
  <Description DefaultValue="Insert 94,000+ free icons from 107 open-source libraries into your presentations"/>
  
  <IconUrl DefaultValue="https://drankush.github.io/Slides-Icons/assets/icon-32.png"/>
  <HighResolutionIconUrl DefaultValue="https://drankush.github.io/Slides-Icons/assets/icon-64.png"/>
  <SupportUrl DefaultValue="https://github.com/drankush/Slides-Icons"/>

  <AppDomains>
    <AppDomain>https://drankush.github.io</AppDomain>
    <AppDomain>https://cdn.jsdelivr.net</AppDomain>
  </AppDomains>

  <Hosts>
    <Host Name="Presentation"/>
  </Hosts>

  <DefaultSettings>
    <SourceLocation DefaultValue="https://drankush.github.io/Slides-Icons/taskpane.html"/>
  </DefaultSettings>

  <Permissions>ReadWriteDocument</Permissions>

  <VersionOverrides xmlns="http://schemas.microsoft.com/office/taskpaneappversionoverrides" xsi:type="VersionOverridesV1_0">
    <Hosts>
      <Host xsi:type="Presentation">
        <DesktopFormFactor>
          <GetStarted>
            <Title resid="GetStarted.Title"/>
            <Description resid="GetStarted.Description"/>
            <LearnMoreUrl resid="GetStarted.LearnMoreUrl"/>
          </GetStarted>
          <FunctionFile resid="Taskpane.Url"/>
          <ExtensionPoint xsi:type="PrimaryCommandSurface">
            <OfficeTab id="TabHome">
              <Group id="SlidesIconsGroup">
                <Label resid="CommandsGroup.Label"/>
                <Icon>
                  <bt:Image size="16" resid="Icon.16x16"/>
                  <bt:Image size="32" resid="Icon.32x32"/>
                  <bt:Image size="80" resid="Icon.80x80"/>
                </Icon>
                <Control xsi:type="Button" id="TaskpaneButton">
                  <Label resid="TaskpaneButton.Label"/>
                  <Supertip>
                    <Title resid="TaskpaneButton.Label"/>
                    <Description resid="TaskpaneButton.Tooltip"/>
                  </Supertip>
                  <Icon>
                    <bt:Image size="16" resid="Icon.16x16"/>
                    <bt:Image size="32" resid="Icon.32x32"/>
                    <bt:Image size="80" resid="Icon.80x80"/>
                  </Icon>
                  <Action xsi:type="ShowTaskpane">
                    <TaskpaneId>ButtonId1</TaskpaneId>
                    <SourceLocation resid="Taskpane.Url"/>
                  </Action>
                </Control>
              </Group>
            </OfficeTab>
          </ExtensionPoint>
        </DesktopFormFactor>
      </Host>
    </Hosts>
    
    <Resources>
      <bt:Images>
        <bt:Image id="Icon.16x16" DefaultValue="https://drankush.github.io/Slides-Icons/assets/icon-16.png"/>
        <bt:Image id="Icon.32x32" DefaultValue="https://drankush.github.io/Slides-Icons/assets/icon-32.png"/>
        <bt:Image id="Icon.80x80" DefaultValue="https://drankush.github.io/Slides-Icons/assets/icon-80.png"/>
      </bt:Images>
      <bt:Urls>
        <bt:Url id="GetStarted.LearnMoreUrl" DefaultValue="https://github.com/drankush/Slides-Icons"/>
        <bt:Url id="Taskpane.Url" DefaultValue="https://drankush.github.io/Slides-Icons/taskpane.html"/>
      </bt:Urls>
      <bt:ShortStrings>
        <bt:String id="GetStarted.Title" DefaultValue="Get started with Slides Icons"/>
        <bt:String id="CommandsGroup.Label" DefaultValue="Slides Icons"/>
        <bt:String id="TaskpaneButton.Label" DefaultValue="Slides Icons"/>
      </bt:ShortStrings>
      <bt:LongStrings>
        <bt:String id="GetStarted.Description" DefaultValue="Click the Slides Icons button to browse and insert icons from 107 libraries."/>
        <bt:String id="TaskpaneButton.Tooltip" DefaultValue="Browse and insert 94,000+ free icons from Font Awesome, Material, Bootstrap, and more"/>
      </bt:LongStrings>
    </Resources>
  </VersionOverrides>
</OfficeApp>
